{"inputUnits":[42],"outputUnits":4,"inputs":{"0":{"dtype":"number","min":107.17431257912918,"max":331.1199993944563},"1":{"dtype":"number","min":260.65278528323665,"max":528.4534027343526},"2":{"dtype":"number","min":166.82462753123463,"max":373.8239856284615},"3":{"dtype":"number","min":188.6200532617296,"max":460.8095624550919},"4":{"dtype":"number","min":143.08318658142792,"max":405.56292752888726},"5":{"dtype":"number","min":137.92763198115827,"max":398.8915452143809},"6":{"dtype":"number","min":100.79765915104767,"max":391.23155119638614},"7":{"dtype":"number","min":84.86184625542646,"max":375.98391261311406},"8":{"dtype":"number","min":50.10167411148413,"max":396.2431708475931},"9":{"dtype":"number","min":10.004932691121212,"max":355.82319663363626},"10":{"dtype":"number","min":141.88620220246716,"max":437.4897471676877},"11":{"dtype":"number","min":179.20000948629297,"max":390.7368439364438},"12":{"dtype":"number","min":221.75751850241457,"max":484.1367768844799},"13":{"dtype":"number","min":178.59605135796585,"max":358.97309581010603},"14":{"dtype":"number","min":220.65117349114936,"max":460.81613627914584},"15":{"dtype":"number","min":124.79094532028638,"max":358.98426166396877},"16":{"dtype":"number","min":202.08245797950298,"max":455.59273789988316},"17":{"dtype":"number","min":78.07559248706988,"max":360.3077523255725},"18":{"dtype":"number","min":173.25559444776306,"max":435.7114784928625},"19":{"dtype":"number","min":222.77203827444112,"max":412.08689404026074},"20":{"dtype":"number","min":193.1518952088863,"max":465.8474779438752},"21":{"dtype":"number","min":182.55862863836592,"max":349.07290588525757},"22":{"dtype":"number","min":209.0770716043151,"max":450.21697591604436},"23":{"dtype":"number","min":133.1249016042187,"max":362.6235425882277},"24":{"dtype":"number","min":213.80530245744998,"max":441.9261364076183},"25":{"dtype":"number","min":80.49295810551197,"max":379.85105891967993},"26":{"dtype":"number","min":162.3228118799081,"max":426.1225086752581},"27":{"dtype":"number","min":266.9717098413627,"max":443.7450991800332},"28":{"dtype":"number","min":171.8460129695789,"max":464.4924440942092},"29":{"dtype":"number","min":248.98441143084875,"max":381.1728654061389},"30":{"dtype":"number","min":190.85812294992823,"max":442.29822611455774},"31":{"dtype":"number","min":222.85368316635487,"max":395.0691656167669},"32":{"dtype":"number","min":196.4557540064629,"max":428.95980719370766},"33":{"dtype":"number","min":192.860143618191,"max":412.007729948332},"34":{"dtype":"number","min":134.1967533060935,"max":414.51525584268643},"35":{"dtype":"number","min":295.42732036397285,"max":473.0329473032569},"36":{"dtype":"number","min":151.52064932241052,"max":451.2481267538768},"37":{"dtype":"number","min":278.66958582280347,"max":413.4496539961481},"38":{"dtype":"number","min":170.7506581720392,"max":471.27010943799263},"39":{"dtype":"number","min":294.1462780797769,"max":424.6783990003968},"40":{"dtype":"number","min":175.71824219520607,"max":510.4732174125212},"41":{"dtype":"number","min":259.05658903956305,"max":447.3435253281971}},"outputs":{"0":{"dtype":"string","min":0,"max":1,"uniqueValues":["A","B","C","D"],"legend":{"A":[1,0,0,0],"B":[0,1,0,0],"C":[0,0,1,0],"D":[0,0,0,1]}}},"isNormalized":true}